elevation,slope,aspect,tri,lith_score,presence,latitude,longitude
715.71265,4.079497,17.285587,1.7004242,0.15,1,47.483334,-117.566666
41.281162,3.8782842,221.40044,2.0760827,0.4,1,48.601665,-123.347221
4.588078,6.932039,125.56567,2.698645,0.4,1,48.458611,-123.294724
0.0,0.0,0.0,0.08734983,0.4,1,48.472778,-123.291115
123.49564,13.734871,322.28555,6.0887146,0.4,1,48.456669,-123.326111
40.545654,1.3541099,206.09346,0.52278614,1.0,1,48.116943,-122.760559
695.55115,2.5104952,27.20297,1.0135574,0.8,1,46.871895,-120.773102
629.295,2.1125963,273.28986,0.9035492,0.15,1,47.202,-117.523003
246.33046,7.5122576,96.96629,3.4743443,0.15,1,46.706001,-117.691002
55.031082,1.457815,60.444126,0.7163992,1.0,1,45.519016,-122.958008
108.31864,0.3426363,37.022842,0.109041214,1.0,1,44.533333,-122.900002
1313.0771,0.91287583,313.07245,0.44088745,1.0,1,43.333332,-120.5
69.5364,0.7352882,74.23435,0.2810936,1.0,1,44.958775,-122.878143
1518.8973,32.840496,28.624178,14.702759,0.4,1,36.099998,-117.900002
473.10806,8.674288,240.4646,3.4205742,0.85,1,36.654446,-114.568886
708.6216,2.6758556,66.35642,1.0378723,0.85,1,36.501389,-116.336945
537.4677,1.0109053,13.777428,0.37926483,1.0,1,47.0,-118.5
173.16122,3.382641,283.30853,1.443407,0.9,1,48.049999,-123.116669
62.947327,1.732118,259.90933,0.6752744,1.0,1,45.373905,-122.776749
473.15277,13.538344,171.36996,5.64217,0.4,1,42.468811,-123.119583
84.12,0.0,0.0,0.032740593,0.4,1,48.449722,-123.504723
1292.8849,0.93321615,252.41693,0.4118805,0.15,1,43.0,-118.0
1431.702,19.355274,233.07892,6.752228,1.0,1,42.761299,-120.551399
56.922665,0.114039056,67.339294,0.09927368,1.0,1,45.148335,-122.842499
2520.1086,29.350584,58.198925,14.283722,0.15,1,38.799999,-119.5
1355.6025,0.73130804,175.29007,0.30160522,0.85,1,39.0,-119.199997
320.74292,1.1208351,261.16583,0.4594078,0.4,1,35.305557,-119.623337
604.5084,17.760593,328.6954,6.812042,0.4,1,35.099998,-120.0
59.372482,0.15665847,93.800316,0.07165623,0.4,1,35.933334,-119.816666
1584.7534,0.33423632,251.4547,0.1414032,0.4,1,38.950001,-114.01667
1630.6196,8.214687,78.96615,3.282486,0.4,1,39.483334,-114.033333
1323.8507,11.662527,30.445627,4.9542084,0.15,1,43.599998,-117.5
46.479183,1.9083126,57.76743,0.6456461,1.0,1,45.430923,-122.775742
11.778791,10.730452,109.195885,4.699585,0.2,1,48.597881,-122.944626
1.7380724,0.047560073,182.89412,0.020665675,0.4,1,48.620098,-123.005096
77.25124,8.584476,52.216145,2.7751284,0.2,1,48.6078,-122.9272
54.127884,0.28951722,254.07968,0.5835805,1.0,1,45.152935,-122.847435
1218.6063,18.711369,282.47562,9.475418,0.9,1,42.098263,-123.407272
29.338549,5.685984,58.24544,2.1042578,0.4,1,48.549999,-123.366669
3346.2056,27.094173,170.5701,12.297943,0.4,1,39.366669,-114.599998
62.34583282470703,4.954253673553467,272.6164245605469,2.1411142349243164,0.9,1,48.073572,-123.089484
198.3169708251953,1.6801035404205322,318.2505187988281,0.9534587860107422,0.15,1,44.9,-122.8
738.4172973632812,23.532325744628906,52.30967712402344,10.280044555664062,0.9,1,42.4,-123.1
49.69624328613281,1.1149331331253052,127.4500961303711,0.5996127128601074,1.0,1,45.2,-123.0
1142.9296875,1.6370666027069092,150.51377868652344,0.676727294921875,1.0,1,42.7,-117.7
59.72063064575195,0.7321245074272156,41.36502456665039,0.31577539443969727,1.0,1,45.1,-122.8
817.2874145507812,6.16358757019043,237.4026641845703,2.1217880249023438,0.15,1,43.8,-117.6
1382.8465576171875,3.412248134613037,159.56494140625,1.4505767822265625,0.15,1,43.7,-118.0
106.39405822753906,0.5631844401359558,181.73681640625,0.38930511474609375,0.4,1,47.6684275739,-122.3508772655
0.0,0.0,0.0,0.0,1.0,1,47.95761062251738,-124.3660246433851
596.7928466796875,18.551298141479492,61.02486801147461,8.510269165039062,0.9,1,36.22392,-114.90022
329.54998779296875,0.0,0.0,0.0,0.4,1,36.172459,-114.429866
32.34700012207031,7.767151832580566,280.5046081542969,4.703396797180176,0.2,1,48.610969,-122.986114
340.5284118652344,0.8484646677970886,141.75045776367188,0.32872772216796875,1.0,1,46.6542,-120.5289
1436.1103515625,0.17329354584217072,314.6562805175781,0.0694732666015625,0.85,1,38.9796066,-119.7640152
1284.707763671875,3.11035418510437,69.65806579589844,1.2860565185546875,0.15,1,42.9,-117.9
2324.332275390625,7.939465045928955,339.89288330078125,3.85260009765625,0.9,1,39.37,-114.7
0.0,0.0,0.0,0.0,0.7,1,47.8024483,-124.1048126
0.0,0.0,0.0,0.0,0.7,1,47.8803101,-124.1805573
659.3433227539062,24.358928680419922,66.65147399902344,11.067100524902344,1.0,1,47.3806,-121.6453
192.3769073486328,8.83012580871582,29.662450790405273,3.50830078125,0.4,0,45.8463153301954,-122.44120148030729
-82.21556854248047,0.0521685816347599,226.75132751464844,0.021950721740722656,0.4,0,36.3772021841676,-116.9185806395762
394.1717224121094,30.67925262451172,80.73558044433594,14.076332092285156,0.4,0,48.551635732185524,-122.16701021820828
691.1384887695312,17.802539825439453,266.0356140136719,7.3530731201171875,0.4,0,46.18321804531972,-118.07554625685732
847.4778442382812,12.42793083190918,91.03462219238281,5.0460357666015625,0.4,0,47.99467781633281,-117.15705561784259
2895.680908203125,15.02186107635498,327.0804443359375,6.091064453125,0.4,0,38.14456214469999,-119.59867454997068
874.56103515625,21.472896575927734,114.37882995605469,9.547027587890625,0.4,0,44.04223095173867,-122.1525059283195
3140.191162109375,21.905994415283203,227.18368530273438,8.971466064453125,0.4,0,39.00277483177398,-114.30258843024362
1883.039306640625,1.3822869062423706,22.234827041625977,0.6119384765625,0.4,0,38.53137925152554,-114.77985139281394
1313.4150390625,0.4570404291152954,306.87274169921875,0.595703125,0.4,0,42.63103247339643,-120.43294421855178
620.3821411132812,26.568809509277344,146.39247131347656,11.317390441894531,0.4,0,42.082506255739375,-123.94642708872995
1580.00830078125,17.208847045898438,263.3875732421875,7.30523681640625,0.4,0,45.26029451534168,-116.93073702985339
1455.9422607421875,4.377801895141602,88.2743148803711,5.62738037109375,0.4,0,42.117621784288275,-123.26097333343897
672.9863891601562,9.553543090820312,122.5217514038086,3.7326889038085938,0.4,0,47.227905982495734,-117.7666077316766
1412.9710693359375,15.705021858215332,39.463218688964844,5.9909210205078125,0.4,0,43.908937375779246,-120.6915834215789
1378.8802490234375,0.013609628193080425,244.9255828857422,0.032806396484375,0.4,0,40.62125706739518,-116.86684130455296
165.69094848632812,4.399407863616943,227.75865173339844,1.89520263671875,0.4,0,45.974271183821635,-122.9223927578984
917.3255615234375,33.30789566040039,263.6296691894531,14.488929748535156,0.4,0,42.75984725037107,-123.68727004592462
1794.5693359375,1.4821401834487915,132.38746643066406,0.5767974853515625,0.4,0,40.1514325995841,-116.44363676972608
3.8782575130462646,0.13022081553936005,188.52577209472656,0.08660781383514404,0.4,0,47.27450322130262,-122.38891638851662
1539.18505859375,1.9565550088882446,102.30007934570312,0.7675323486328125,0.4,0,43.67507202866369,-120.82057190235844
1324.7325439453125,0.14715227484703064,245.8184356689453,0.2128753662109375,0.4,0,43.44961285484294,-120.62438956550831
671.6419677734375,11.264827728271484,152.00929260253906,4.594146728515625,0.4,0,46.27107930179881,-120.76856000029008
415.9375,4.753006935119629,318.9668884277344,1.9742202758789062,0.4,0,36.0784315793602,-114.28060655580609
436.9190979003906,11.194968223571777,322.9693908691406,5.092937469482422,0.4,0,42.24236071446491,-123.63267423664901
594.9164428710938,0.8562480807304382,144.60658264160156,0.5804672241210938,0.4,0,36.2400473363915,-114.91598024468854
751.1402587890625,2.073711395263672,186.3910675048828,0.8708114624023438,0.4,0,43.996785155535974,-117.2780707339659
1519.000244140625,4.083846569061279,14.911418914794922,1.77471923828125,0.4,0,40.897853288945996,-116.38293177354814
572.4742431640625,24.207372665405273,126.48768615722656,10.407005310058594,0.4,0,46.00031298714088,-116.71707578529858
553.0908813476562,10.832616806030273,142.25831604003906,4.507850646972656,0.4,0,46.75854266854875,-117.66425778695334
62.718109130859375,2.941507339477539,270.4476013183594,1.3590435981750488,0.4,0,48.17104427380548,-122.25742115372613
902.2467041015625,30.859037399291992,238.67535400390625,15.891204833984375,0.4,0,36.128044737987395,-117.39962625281824
999.536376953125,7.248490810394287,23.299406051635742,3.1071701049804688,0.4,0,36.89470237047449,-117.66854174934585
89.74263763427734,0.5892970561981201,127.39726257324219,0.22505664825439453,0.4,0,47.68902246971202,-122.38484076201668
542.4508666992188,0.3880222737789154,57.757423400878906,0.1604156494140625,0.4,0,47.69158309562607,-117.47988086084213
1.2570916414260864,0.18938599526882172,212.23773193359375,0.06709285080432892,0.4,0,48.11704073996683,-123.06460673856739
1746.9117431640625,14.514447212219238,130.63204956054688,6.1573333740234375,0.4,0,44.15934258152618,-117.68817660489795
58.1906852722168,0.03295604884624481,129.6395721435547,0.01196432113647461,0.4,0,35.9469518714554,-119.7183978988071
685.3158569335938,21.56641960144043,310.872802734375,9.501541137695312,0.4,0,42.636702680432094,-123.02957780668314
1422.480224609375,4.80728006362915,276.1058654785156,2.083038330078125,0.4,0,45.80933469294811,-116.0410873219262
467.7417907714844,4.100291728973389,269.9558410644531,1.6987419128417969,0.4,0,48.50426088029118,-123.62806028522591
1508.94677734375,1.2941988706588745,148.83621215820312,0.580169677734375,0.4,0,42.32722222904394,-120.39855961362233
253.15939331054688,2.380019426345825,37.677711486816406,2.442913055419922,0.4,0,46.10116820682422,-118.77749325004753
1455.3458251953125,25.84852409362793,305.4713439941406,11.576873779296875,0.4,0,46.17201581891716,-117.77068560060326
1125.25341796875,4.729038238525391,216.1341094970703,3.10931396484375,0.4,0,44.743578537029094,-117.62524287890247
2464.50244140625,15.00473690032959,135.46841430664062,6.6064453125,0.4,0,39.43481182825329,-114.23989302169075
1133.6817626953125,12.523975372314453,303.3763122558594,5.2514190673828125,0.4,0,47.355234525956476,-121.49840353974969
382.45269775390625,9.517396926879883,10.231268882751465,3.8122482299804688,0.4,0,46.25167972361923,-118.50756925856182
763.3406982421875,25.388307571411133,123.79095458984375,10.908378601074219,0.4,0,42.837267910586824,-123.85768380233459
1759.847900390625,4.166929721832275,344.08062744140625,1.804168701171875,0.4,0,45.24202085323864,-116.96274253951198
1166.0206298828125,11.007072448730469,168.08047485351562,5.9268035888671875,0.4,0,44.94442193845374,-122.26907062655206
579.30322265625,0.9526510834693909,338.31036376953125,0.42621612548828125,0.4,0,46.50418686979436,-117.84111284627275
439.9161071777344,7.282032489776611,61.22992706298828,3.0372085571289062,0.4,0,46.59677453019003,-117.74098130348595
1448.0513916015625,7.73220157623291,114.90126037597656,3.404937744140625,0.4,0,44.96922297843323,-117.41253469836585
1263.271484375,7.145639896392822,324.1432189941406,2.8911285400390625,0.4,0,43.693824225010836,-117.56664018167481
436.08172607421875,1.0053753852844238,79.97298431396484,0.3898200988769531,0.4,0,46.78158006901142,-118.54368004542049
776.9926147460938,2.220848560333252,218.25901794433594,0.9377288818359375,0.4,0,36.7674314018181,-114.94514240230583
1399.8538818359375,13.543665885925293,88.470703125,5.815673828125,0.4,0,44.46743292574466,-122.04310267996657
80.86550903320312,0.47399669885635376,262.89129638671875,0.1637096405029297,0.4,0,44.609550365190415,-122.99355072555244
772.111083984375,1.7038012742996216,263.9455261230469,1.0429534912109375,0.4,0,46.98166770562286,-117.16932223632409
646.6322631835938,44.05297088623047,266.62005615234375,22.365745544433594,0.4,0,46.719880287097695,-120.81084710861127
1183.141845703125,22.988847732543945,186.92318725585938,8.852752685546875,0.4,0,47.19824320446503,-121.18038082309243
673.7976684570312,25.224279403686523,129.24610900878906,11.537765502929688,0.4,0,45.72605367890228,-122.22667976222982
1705.0623779296875,0.375643789768219,334.53814697265625,0.15472412109375,0.4,0,38.644038854782366,-114.09331355260989
1486.3936767578125,0.9405908584594727,288.9708251953125,0.375579833984375,0.4,0,40.3258974555676,-116.45372277520212
142.3368682861328,24.236284255981445,271.111572265625,11.452106475830078,0.4,0,48.676819710958256,-122.97008423138394
883.6810302734375,3.2935731410980225,157.20008850097656,1.3276214599609375,0.4,0,36.5497787836977,-114.97312908088517
2602.70068359375,7.659117698669434,264.1654052734375,3.30413818359375,0.4,0,39.09114903441232,-114.9448289532253
770.19580078125,8.945962905883789,283.4690856933594,3.5284805297851562,0.4,0,47.21993764974766,-117.27424037088795
739.4829711914062,0.33699527382850647,39.82649612426758,0.1360626220703125,0.4,0,36.575820075806824,-116.47541344951097
2106.3203125,12.348785400390625,312.8575439453125,6.767181396484375,0.4,0,38.38649557080655,-119.05581554705368
45.873783111572266,1.1257953643798828,10.912439346313477,0.45901918411254883,0.4,0,45.40580076357752,-122.57127320607515
754.4349975585938,3.8971986770629883,257.8298645019531,1.5827102661132812,0.4,0,47.64198080930955,-117.81742530038927
484.42266845703125,26.199254989624023,112.68463897705078,11.76751708984375,0.4,0,36.10518818858674,-116.93689024716019
1360.3192138671875,0.306927353143692,246.9871368408203,0.1423492431640625,0.4,0,43.16003525594654,-120.25771113617442
1404.88330078125,2.2808947563171387,209.06480407714844,0.919952392578125,0.4,0,43.38647461655355,-120.23781660910582
759.6299438476562,1.3857057094573975,210.5323944091797,0.6141357421875,0.4,0,36.31365499038335,-116.22760700972519
58.46744155883789,2.5751214027404785,322.4541931152344,0.9816765785217285,0.4,0,47.307102333335635,-122.88932118454997
597.760009765625,23.946693420410156,142.2051544189453,10.739913940429688,0.4,0,42.244843242845214,-123.88809237380354
9.056577682495117,0.2449130117893219,260.7784423828125,0.1604388952255249,0.4,0,45.83547935414616,-122.82601244389076
1580.4619140625,11.024773597717285,51.51560592651367,4.568023681640625,0.4,0,43.42771008060178,-117.50739960459507
1448.2918701171875,9.313385009765625,121.14967346191406,3.6554412841796875,0.4,0,43.83915308816946,-120.2517112992129
1763.13623046875,2.633014440536499,345.59515380859375,1.0249176025390625,0.4,0,38.87545988585273,-114.98708269243993
291.2539367675781,18.71143913269043,248.6732940673828,7.998394012451172,0.4,0,48.60306107848304,-123.54705137524437
181.00143432617188,0.23743782937526703,296.3041687011719,0.10383987426757812,0.4,0,35.076537853136585,-119.36313695134282
599.51318359375,11.91494083404541,340.09637451171875,4.285552978515625,0.4,0,36.51204504638682,-114.25447059724277
2213.94921875,14.379864692687988,44.13160705566406,5.98712158203125,0.4,0,39.74424654921059,-114.1362718425252
659.7861938476562,30.432100296020508,289.3524169921875,14.213592529296875,0.4,0,46.23742747963787,-117.01772231365845
1573.1019287109375,0.04574134573340416,341.25146484375,0.03076171875,0.4,0,42.17793186242404,-120.90535874216731
544.9420776367188,1.1678693294525146,60.3745002746582,0.5322494506835938,0.4,0,36.218936705632984,-114.88935838839292
453.4727783203125,3.855168581008911,335.9331359863281,9.583122253417969,0.4,0,36.59343491429344,-114.50050152423111
1508.614990234375,2.6203432083129883,162.68960571289062,2.02471923828125,0.4,0,42.10433916147717,-117.8654699838036
61.69336700439453,5.615280628204346,61.881370544433594,2.165618419647217,0.4,0,48.901086450282804,-123.54932923663361
834.7437744140625,1.3561915159225464,101.82801055908203,0.5738372802734375,0.4,0,36.60252578131922,-116.30922921561807
118.8406982421875,0.2767130732536316,32.24568557739258,0.11573314666748047,0.4,0,44.50233198879669,-122.86571221855682
64.40680694580078,2.5718278884887695,333.7857360839844,1.1415972709655762,0.4,0,47.635796197088176,-122.66106766370571
1705.7315673828125,17.376089096069336,318.09344482421875,6.6776885986328125,0.4,0,36.989680025223066,-117.79650344836794
1470.0150146484375,1.84586501121521,248.5830535888672,0.8070068359375,0.4,0,43.08152551909172,-120.49462245004769
2013.9097900390625,1.4265128374099731,188.7948455810547,0.8822784423828125,0.4,0,39.80454997340312,-114.95706585010004
1756.2847900390625,0.47946301102638245,203.9048614501953,0.202545166015625,0.4,0,38.85539283158753,-114.50329535154239
271.1898498535156,5.566503047943115,38.11468505859375,2.4368362426757812,0.4,0,44.87921448592415,-122.72078145666362
924.5924682617188,27.65821075439453,286.6504211425781,13.170639038085938,0.4,0,44.63864448788806,-122.48213338801314
1293.2813720703125,5.829390525817871,273.6712646484375,2.369110107421875,0.4,0,44.04239300829592,-122.07813551353044
129.6212921142578,0.11767245829105377,101.77025604248047,0.05834197998046875,0.4,0,44.48063810872105,-122.79490583520793
1195.1365966796875,0.02935168147087097,331.46002197265625,0.0125274658203125,0.4,0,36.96749831784071,-116.00489796805961
1438.7462158203125,0.015443998388946056,312.9228210449219,0.012664794921875,0.4,0,40.43212126759892,-116.51657555622565
1329.10009765625,29.7547664642334,274.1095275878906,13.983444213867188,0.4,0,47.43907008578524,-121.47645576444455
0.4100169241428375,0.004020812455564737,299.23223876953125,0.02399209514260292,0.4,0,48.45747709651691,-122.9295893124936
709.7889404296875,6.1893439292907715,203.00833129882812,9.54296875,0.4,0,42.752635703018846,-123.80088778509662
2107.999755859375,6.756885528564453,229.42127990722656,2.77734375,0.4,0,42.584515600070446,-120.77980141056607
550.0082397460938,1.1538866758346558,69.77056884765625,0.4734649658203125,0.4,0,46.67239646485319,-120.72560148393842
1366.651611328125,1.164596676826477,104.67985534667969,0.477020263671875,0.4,0,43.76811657085193,-120.36963342486753
1411.939208984375,6.190309524536133,309.6202697753906,3.4085693359375,0.4,0,43.728513199894905,-117.94189921759678
623.7293701171875,1.2212878465652466,93.87547302246094,0.5555419921875,0.4,0,46.0683382498863,-120.02178448701343
611.2635498046875,0.8979420065879822,87.75899505615234,0.3868560791015625,0.4,0,36.7472132067012,-114.30373075578504
1146.1727294921875,22.02682113647461,58.99645233154297,9.580764770507812,0.4,0,47.280661667345065,-121.42177871776754
5.172585964202881,0.2423343062400818,293.8537292480469,0.12619388103485107,0.4,0,48.21813162879407,-122.29222116605153
1395.007080078125,17.810606002807617,66.0444107055664,8.342132568359375,0.4,0,47.09102875240448,-121.20094246382114
133.35552978515625,9.217521667480469,343.61334228515625,3.9656543731689453,0.4,0,48.7319746754032,-122.45752497029505
394.0889587402344,5.214576721191406,164.89315795898438,2.2369956970214844,0.4,0,46.58654828258992,-118.67399703772672
1308.046142578125,0.8420014381408691,118.3789291381836,0.353668212890625,0.4,0,43.03012426749678,-120.6345018672603
6.201179504394531,0.2922130227088928,190.88621520996094,0.13790947198867798,0.4,0,48.38622900387482,-122.65707184732312
1225.2725830078125,12.666053771972656,156.52633666992188,8.356491088867188,0.4,0,36.529386185035335,-114.0987644650884
911.433837890625,23.07329750061035,220.8167724609375,9.630561828613281,0.4,0,46.956809673197796,-120.7770537010497
785.751220703125,1.1399441957473755,205.88766479492188,0.7921524047851562,0.4,0,47.50469196078763,-117.18436776176854
1416.7552490234375,1.6466670036315918,140.82102966308594,0.6596832275390625,0.4,0,43.773132022244425,-120.51182110367641
129.244384765625,10.766136169433594,245.70018005371094,3.971257209777832,0.4,0,44.629081305291116,-122.75828010681113
1551.46044921875,32.671634674072266,277.1626281738281,14.409988403320312,0.4,0,45.1189478638216,-116.69055568226355
1717.3077392578125,0.7846102118492126,75.8255615234375,0.3813934326171875,0.4,0,40.02225893655218,-116.5879897640421
468.55938720703125,8.180706977844238,318.5348205566406,3.026416778564453,0.4,0,46.26335298756834,-118.25502061872398
31.76885986328125,0.49387404322624207,97.35002136230469,0.19440102577209473,0.4,0,48.971153803955964,-122.36456171685471
941.185546875,28.948741912841797,265.58062744140625,12.7117919921875,0.4,0,44.476446671228,-122.35846113334505
732.8472290039062,4.232417106628418,5.744122505187988,1.56610107421875,0.4,0,36.553664476890674,-114.60021264708847
1084.2783203125,4.914793014526367,156.5166473388672,2.1522979736328125,0.4,0,46.31653346024677,-117.7224937694364
1554.954345703125,2.5424976348876953,205.98643493652344,1.0950469970703125,0.4,0,42.316678109616525,-117.79887219193809
1212.21826171875,12.81350326538086,251.32777404785156,5.6795501708984375,0.4,0,36.0202321300259,-116.55972391237458
632.8386840820312,3.6943347454071045,260.8035888671875,1.5473403930664062,0.4,0,46.249988365165315,-120.57970890374641
1859.7261962890625,2.3845407962799072,101.52191162109375,1.1190185546875,0.4,0,40.00963675508719,-116.79890117208467
1226.913330078125,9.356252670288086,144.23141479492188,3.8309478759765625,0.4,0,44.07032827764859,-117.5880531725536
290.982177734375,6.899832725524902,71.4205322265625,2.8657150268554688,0.4,0,36.72060708712878,-117.05986905346208
2812.20703125,16.544649124145508,316.4619140625,6.999114990234375,0.4,0,38.38702558371647,-119.38006860632386
487.473388671875,12.107056617736816,280.3034973144531,5.266929626464844,0.4,0,46.25665012200528,-118.13741424116581
1590.7642822265625,2.969029426574707,64.83636474609375,1.2711181640625,0.4,0,42.282978862978524,-117.88508612537113
2440.389892578125,16.47191619873047,185.87371826171875,6.88250732421875,0.4,0,38.79977889199738,-114.67737677127387
1004.4904174804688,4.978939056396484,2.5354526042938232,2.0497970581054688,0.4,0,36.873338910072334,-114.7735978474449
688.9267578125,10.404685974121094,196.67991638183594,6.590240478515625,0.4,0,35.00133043108112,-119.75894618059004
2412.85107421875,10.483410835266113,4.001575469970703,4.23748779296875,0.4,0,38.86643195347962,-114.74289629967798
1122.380126953125,1.6285755634307861,223.0504608154297,0.6165618896484375,0.4,0,44.8365726628829,-117.67691623345675
1647.260009765625,22.784067153930664,3.5212466716766357,9.391387939453125,0.4,0,36.474787487069314,-117.36408114853475
313.0081787109375,19.871349334716797,223.01953125,8.120967864990234,0.4,0,45.946715914667436,-122.22071354324615
0.0,0.0,0.0,0.0,0.4,0,48.39676808270326,-123.14788548648396
2088.121826171875,15.078181266784668,204.8425750732422,5.47186279296875,0.4,0,40.162164176628174,-116.49956208678543
1029.3402099609375,17.240177154541016,50.953163146972656,9.046012878417969,0.4,0,44.12384917455284,-122.18177893307032
2021.724609375,6.570127010345459,180.2091522216797,2.7049102783203125,0.4,0,39.41892864123705,-114.53735831735754
1428.0758056640625,4.501855373382568,255.16212463378906,1.9059600830078125,0.4,0,44.98592571058347,-117.55952456261787
1575.294677734375,2.289205551147461,304.9016418457031,0.94512939453125,0.4,0,40.149265566019736,-116.8395577968075
707.9042358398438,12.536590576171875,33.790287017822266,4.99908447265625,0.4,0,46.698024225398186,-117.28049958138604
1653.64794921875,5.418482303619385,69.70783996582031,2.2934417724609375,0.4,0,36.74087839179906,-117.47202976117978
509.921630859375,18.23436164855957,203.7578125,7.983982086181641,0.4,0,48.665806889916766,-123.73625618737917
80.0747299194336,3.132289409637451,54.80398941040039,1.5150737762451172,0.4,0,45.46532712088141,-122.60764140460766
31.6720027923584,11.129568099975586,21.23421287536621,7.283777236938477,0.4,0,48.19967985414793,-122.28430154246577
524.7373046875,29.352048873901367,182.94508361816406,11.603031158447266,0.4,0,48.88023801742262,-123.81769859915474
0.8836236596107483,0.03752899542450905,106.29041290283203,0.028922662138938904,0.4,0,48.480340832968636,-122.82376333330427
951.3078002929688,20.59967613220215,193.48556518554688,9.963424682617188,0.4,0,44.43876664468142,-117.34908312554806
1805.070556640625,0.8099045157432556,241.92140197753906,0.314544677734375,0.4,0,39.83290244761385,-114.8544991581728
717.6324462890625,27.376161575317383,310.9583435058594,10.377037048339844,0.4,0,44.90911605821621,-122.3382786998364
672.3751220703125,3.1425843238830566,200.3004913330078,1.2858734130859375,0.4,0,36.066962902961215,-117.36274276909612
2219.23291015625,17.916969299316406,212.53106689453125,6.651214599609375,0.4,0,38.845908297429276,-114.63024649795558
460.4054260253906,24.704471588134766,77.8591079711914,9.924144744873047,0.4,0,42.65273904225507,-123.68973137235052
0.0,0.0,0.0,0.0,0.4,0,48.73832028061871,-122.93532880708717
2185.1484375,18.44255828857422,101.61441040039062,7.897308349609375,0.4,0,38.38766198473838,-119.04510186196764
593.6268920898438,9.769683837890625,43.325950622558594,5.112876892089844,0.4,0,36.02274870264874,-114.8254731906703
1070.45068359375,15.110063552856445,260.8236999511719,6.5557708740234375,0.4,0,47.96821961073594,-117.02513925288473
2175.447509765625,6.475313186645508,266.42254638671875,2.736663818359375,0.4,0,38.10900012468507,-114.28784734416166
2131.703369140625,16.145559310913086,135.4839630126953,6.79132080078125,0.4,0,39.50353911197684,-114.55585421082283
1133.4290771484375,4.490307807922363,173.62020874023438,3.08551025390625,0.4,0,47.87492219101138,-117.0364579382218
1621.198486328125,18.79654312133789,139.3121337890625,9.378662109375,0.4,0,45.560830212303756,-116.09179926630078
797.1588745117188,23.952882766723633,32.03201675415039,10.382026672363281,0.4,0,36.42492222293208,-114.01899910397485
1443.328369140625,0.10292953997850418,91.00729370117188,0.209014892578125,0.4,0,42.08397949651502,-120.49337946940639
471.8518981933594,12.766182899475098,38.621376037597656,4.0142059326171875,0.4,0,35.54455042787389,-119.9810177569527
122.4790267944336,0.19136613607406616,48.08860778808594,0.0801382064819336,0.4,0,35.503787928139474,-119.20131087347826
2117.3583984375,14.630742073059082,208.46559143066406,6.35479736328125,0.4,0,38.95477458017412,-114.15755168626877
150.86846923828125,11.453490257263184,77.93556213378906,4.9931182861328125,0.4,0,45.62399816318352,-122.8965572875359
1491.956787109375,29.02741050720215,74.08805847167969,13.551986694335938,0.4,0,47.518751554859875,-121.03759776559905
1515.3193359375,3.032982349395752,229.70359802246094,1.310272216796875,0.4,0,42.09745705866222,-117.86550806374355
2044.5428466796875,16.93400001525879,149.09912109375,7.634185791015625,0.4,0,39.650857100616676,-114.57120647633901
1172.716796875,9.450627326965332,84.96045684814453,3.7197723388671875,0.4,0,44.71163861824087,-117.50303468133774
25.623001098632812,0.6819983720779419,323.9026184082031,0.3122272491455078,0.4,0,47.26375401898325,-122.23579791835436
1726.013671875,9.80685043334961,68.98541259765625,4.3302001953125,0.4,0,40.953583983754754,-116.20322330811366
989.285888671875,2.062786340713501,104.00959014892578,0.8612136840820312,0.4,0,44.93151230750747,-117.16680149392153
1338.2823486328125,0.40542638301849365,156.03750610351562,0.18841552734375,0.4,0,43.42253553535588,-120.52241522029131
1893.9842529296875,1.7138314247131348,92.77916717529297,0.7576141357421875,0.4,0,42.12504308354018,-117.41495347396352
1473.5618896484375,83.59960174560547,269.4279479980469,210.41461181640625,0.4,0,45.001604733272444,-117.02462713801167
565.59716796875,2.928206205368042,6.296121597290039,1.2250442504882812,0.4,0,47.89541439341511,-117.81349084034615
302.7945861816406,3.166776657104492,317.02899169921875,1.2633476257324219,0.4,0,45.206799261775586,-122.41508692876062
0.0,0.0,0.0,0.0,0.4,0,48.26081842941099,-123.93778666360636
1352.38623046875,35.556884765625,279.5052185058594,16.11566162109375,0.4,0,46.00807069686786,-117.68142534502655
925.10693359375,10.499423027038574,76.97421264648438,4.793174743652344,0.4,0,44.86920496094585,-117.67333898929134
1643.8284912109375,12.539873123168945,309.5759582519531,5.0781707763671875,0.4,0,42.06770458156202,-123.32306995177039
512.8240356445312,7.7997050285339355,337.1855773925781,3.151470184326172,0.4,0,46.201270971955765,-118.1780214908542
1341.2203369140625,0.20126308500766754,28.0914249420166,0.072662353515625,0.4,0,42.738571736029776,-120.54168315030756
2100.5615234375,21.219594955444336,281.27142333984375,9.4957275390625,0.4,0,39.33716288075723,-114.30965851094815
39.32373046875,5.428432941436768,138.98756408691406,2.158968925476074,0.4,0,47.20117739712837,-122.70037064357581
1461.9256591796875,0.4805854856967926,238.77496337890625,0.1955413818359375,0.4,0,43.74907044271939,-120.76448577137407
612.898681640625,0.7629189491271973,353.1683654785156,0.42641448974609375,0.4,0,47.68667681688588,-117.16643524240888
441.47711181640625,7.106322288513184,14.177712440490723,3.0450782775878906,0.4,0,35.169666245612774,-119.54115325616188
687.5429077148438,3.07942533493042,297.1728515625,1.1298675537109375,0.4,0,43.69891937563854,-117.06253212771668
1776.0013427734375,0.5936258435249329,241.11077880859375,0.27374267578125,0.4,0,39.000695996799955,-114.48986148913828
1983.849853515625,2.8456225395202637,213.48561096191406,1.1296234130859375,0.4,0,39.65456942624869,-114.56236206885133
74.98562622070312,0.11374074220657349,194.1726837158203,0.04400920867919922,0.4,0,35.791769362507445,-119.80299440224799
806.1503295898438,0.5117402672767639,152.46377563476562,0.219482421875,0.4,0,36.585945283155795,-116.28987847286363
1292.2315673828125,12.546377182006836,167.31619262695312,5.5065155029296875,0.4,0,45.33147397290872,-116.38889000282636
1083.7974853515625,1.2722264528274536,7.733286380767822,0.5577239990234375,0.4,0,44.86477210920238,-117.73737604295724
849.718505859375,10.757684707641602,217.78785705566406,3.652374267578125,0.4,0,44.19548878615405,-117.14372856979105
798.1143188476562,0.21617500483989716,47.597267150878906,0.1055145263671875,0.4,0,36.2885868295424,-116.0234171217923
1341.811767578125,3.549546957015991,172.47607421875,1.367279052734375,0.4,0,43.3873998690211,-120.89701253464374
775.6045532226562,0.7977457642555237,167.77732849121094,0.332550048828125,0.4,0,44.893832907244345,-117.049531192051
0.0,0.0,0.0,0.0,0.4,0,47.12670797027202,-122.95201511451015
821.0398559570312,2.551065444946289,59.47004318237305,1.0413970947265625,0.4,0,36.48236103917842,-114.13175184848228
0.0,0.0,0.0,0.0,0.4,0,48.40770661310757,-122.67406673937685
792.9125366210938,1.0631085634231567,147.8634796142578,1.2748565673828125,0.4,0,46.758533161443246,-117.10471875172644
1011.7965698242188,63.295013427734375,178.19956970214844,47.73194122314453,0.4,0,44.41538576884066,-121.99949705499967
363.53857421875,9.841692924499512,227.51019287109375,4.170112609863281,0.4,0,48.679712933126076,-122.32628256741523
1569.66015625,23.069215774536133,323.7787780761719,11.831802368164062,0.4,0,45.12932155231347,-116.85841704829987
1314.9722900390625,0.24456995725631714,245.95950317382812,0.08709716796875,0.4,0,43.2531101891178,-120.60603323735965
683.424072265625,2.1579947471618652,146.6632843017578,0.9079437255859375,0.4,0,47.28597502951585,-117.56374444920746
1383.4755859375,0.9887804388999939,323.53375244140625,0.4546966552734375,0.4,0,43.49503687760359,-120.63158575977337
1040.4588623046875,22.591075897216797,320.7978515625,10.3370361328125,0.4,0,44.42114307058195,-122.17988044851668
759.2440185546875,0.2779214680194855,180.0,0.08513641357421875,0.4,0,36.1357132619361,-116.10204925880231
395.4411315917969,10.855777740478516,143.0848388671875,4.4665985107421875,0.4,0,46.27249799036176,-118.44617993989323
1384.5274658203125,3.257646322250366,192.52578735351562,1.5087127685546875,0.4,0,43.63578557916455,-117.49624204432689
888.2379760742188,3.7029807567596436,290.8037109375,2.4640655517578125,0.4,0,45.4014362000036,-122.00557701414057
512.5682373046875,17.74921417236328,282.1504211425781,9.609550476074219,0.4,0,42.30088955149883,-123.2794419151505
1505.0145263671875,0.5585567355155945,257.0245056152344,0.42755126953125,0.4,0,40.98681333317232,-116.74667252959163
60.39727020263672,0.04117598384618759,156.70260620117188,0.01678752899169922,0.4,0,35.89567551950915,-119.78305165738672
1424.5716552734375,1.5917214155197144,292.7491455078125,0.6526947021484375,0.4,0,42.037398792408574,-117.68395925862718
640.79248046875,1.2216671705245972,142.82411193847656,0.85052490234375,0.4,0,36.475183691946704,-114.90831134224142
767.3142700195312,14.42930793762207,43.01020050048828,6.017539978027344,0.4,0,45.70331339144406,-122.20423663275018
247.73675537109375,0.16894927620887756,120.7409439086914,0.08616447448730469,0.4,0,46.399013208428386,-120.40813552465431
2177.724853515625,22.33310317993164,55.696807861328125,9.662689208984375,0.4,0,39.33742914860273,-114.30431205888962
1769.7861328125,2.182302236557007,238.85911560058594,0.88031005859375,0.4,0,42.21066813041389,-117.43211089238703
1867.898193359375,1.6195015907287598,33.6634407043457,0.663238525390625,0.4,0,42.49838796566975,-120.74868205445529
75.19833374023438,7.282739162445068,17.71468734741211,3.0926599502563477,0.4,0,48.340972048790576,-122.30352175469662
781.949462890625,13.237335205078125,103.67168426513672,5.724784851074219,0.4,0,47.269863883409215,-121.51369489095438
1156.0357666015625,2.4624905586242676,32.48289108276367,1.019287109375,0.4,0,36.43562383621952,-117.8281596444455
1405.7060546875,0.8277679085731506,302.0833740234375,0.3218536376953125,0.4,0,40.498547576399204,-116.93153856656585
980.2033081054688,27.377460479736328,294.2513732910156,11.16107177734375,0.4,0,44.478119714702295,-117.36140870196225
534.9439086914062,20.878442764282227,167.47396850585938,8.988441467285156,0.4,0,44.431977274311144,-122.8820974065028
514.277099609375,1.8172296285629272,162.80450439453125,1.0797348022460938,0.4,0,36.64542385868375,-114.63248771507939
1777.6239013671875,10.541147232055664,53.575347900390625,4.4004669189453125,0.4,0,42.20965563257388,-120.83905176022944
2150.115966796875,1.2285709381103516,341.2415466308594,0.54241943359375,0.4,0,39.96003028569206,-114.48037609665587
1607.7142333984375,1.461656093597412,57.436004638671875,0.602630615234375,0.4,0,36.47451531510065,-117.60833688225695
1779.4915771484375,12.9727783203125,174.70428466796875,5.3353424072265625,0.4,0,38.43492205908609,-119.11157137065176
1404.9404296875,1.328606367111206,283.0640563964844,0.4956817626953125,0.4,0,42.79698015014777,-117.2650975518085
1524.8746337890625,1.9931567907333374,104.30027770996094,0.853485107421875,0.4,0,42.57331650269909,-117.27340347053234
1622.095458984375,1.371925711631775,123.07711791992188,0.57318115234375,0.4,0,42.00213432797592,-117.07309838419314
772.2701416015625,7.179624080657959,344.5316162109375,3.0558929443359375,0.4,0,43.840712489425286,-117.1669088834057
2253.09228515625,36.692291259765625,270.0397644042969,17.7935791015625,0.4,0,36.61522585447975,-117.82113476762079
888.7083740234375,2.5241403579711914,203.04177856445312,0.9231796264648438,0.4,0,36.99954936583931,-114.68907653967607
984.8333129882812,6.754497051239014,28.534900665283203,2.8806686401367188,0.4,0,44.690013439902415,-117.10410072684317
717.3857421875,0.32257726788520813,96.04737854003906,0.11721038818359375,0.4,0,47.54088171824793,-117.41061567276462
1885.376953125,0.8288663625717163,69.04779815673828,0.3496551513671875,0.4,0,42.10984378846832,-117.48716611306926
581.3256225585938,2.992729902267456,323.5685729980469,1.3486251831054688,0.4,0,46.706950326535136,-120.73024493739221
827.5906372070312,8.252781867980957,291.48150634765625,3.4861907958984375,0.4,0,46.50070683015416,-117.3235074929772
455.15264892578125,13.068678855895996,83.1264419555664,5.703498840332031,0.4,0,46.97098065870357,-118.55496071795466
763.69091796875,16.364490509033203,345.6189270019531,7.2072906494140625,0.4,0,46.25075731352213,-117.04467636867737
936.0130004882812,26.82839012145996,263.1103515625,10.893272399902344,0.4,0,42.585301850859025,-123.26946344219779
1197.8802490234375,2.283464193344116,134.06541442871094,1.1215057373046875,0.4,0,44.07733725047688,-117.80469823249973
726.338134765625,7.067464351654053,185.83938598632812,2.7203445434570312,0.4,0,42.82751678133876,-123.74516053518948
610.5177612304688,30.394268035888672,219.46922302246094,13.360420227050781,0.4,0,42.67853142912048,-123.39879187223734
1608.7392578125,5.894722938537598,195.70164489746094,2.5155181884765625,0.4,0,42.25270849620262,-120.92774271462966
1543.1700439453125,0.5600093603134155,281.11932373046875,0.211273193359375,0.4,0,43.687456260405924,-120.88755197984182
115.78630828857422,1.9701663255691528,47.69662094116211,0.8071784973144531,0.4,0,45.50080023665453,-122.78239944542355
52.54058837890625,0.45177581906318665,356.59210205078125,0.2832212448120117,0.4,0,47.716661570714386,-122.18956933862114
1733.4632568359375,2.276395559310913,242.6868133544922,1.0393218994140625,0.4,0,38.0086989350832,-114.48446189030348
1293.9757080078125,3.0959460735321045,149.9083709716797,1.4971771240234375,0.4,0,44.74717748577173,-117.88982016870139
686.805419921875,1.388440728187561,273.9037780761719,0.6272811889648438,0.4,0,46.14859417471733,-120.46627479898766
1367.1566162109375,12.102404594421387,21.497404098510742,5.1070404052734375,0.4,0,36.23703009980644,-117.92870265287455
1665.560546875,2.655805826187134,130.54074096679688,1.380828857421875,0.4,0,38.63409156001322,-119.03234218361536
16.05457305908203,1.7011260986328125,79.2352066040039,0.5325825214385986,0.4,0,47.309999005520744,-122.63681434087168
134.34889221191406,0.35982656478881836,181.24937438964844,0.16317367553710938,0.4,0,35.545241540254075,-119.71824318116856
123.74705505371094,2.529390573501587,357.114501953125,0.6741218566894531,0.4,0,47.4350726841284,-122.71729579019468
146.1715545654297,0.2970687747001648,344.7032775878906,0.6734142303466797,0.4,0,46.2945477732317,-118.80933855311095
1567.1231689453125,5.70075798034668,316.6881103515625,2.1360015869140625,0.4,0,36.82086287741839,-117.49072337837605
1288.77099609375,0.6526275277137756,89.87093353271484,1.5571746826171875,0.4,0,42.92723229469188,-117.30456548471199
1680.585205078125,2.417139768600464,188.5540771484375,1.194549560546875,0.4,0,39.37903134555318,-114.05695924630177
849.8051147460938,5.8950347900390625,351.5548400878906,3.9513473510742188,0.4,0,44.16168660979867,-117.38106863083357
730.1701049804688,5.437052249908447,76.71376037597656,2.3442611694335938,0.4,0,43.67418796442783,-117.0993177351477
0.0,0.0,0.0,0.0,0.4,0,48.73727541664596,-123.11012526352282
0.0,0.0,0.0,0.0,0.4,0,48.18522490595516,-123.12494705601172
930.9806518554688,14.687081336975098,156.6893768310547,6.3071746826171875,0.4,0,46.2405815536341,-120.95385967569298
0.0,0.0,0.0,0.0,0.4,0,48.454461879280956,-123.19220410475565
1786.996337890625,0.0279394518584013,268.84033203125,0.0186614990234375,0.4,0,39.9691784087916,-114.77101889471669
152.27671813964844,0.32984867691993713,6.721456527709961,0.15047073364257812,0.4,0,35.727410890062835,-119.12942393392227
1777.7969970703125,3.590733289718628,242.49998474121094,1.5274200439453125,0.4,0,40.92707719898488,-116.35101928381911
-0.5577850937843323,3.865450253215386e-06,270.0,1.6435980796813965e-05,0.4,0,47.36221390718582,-122.53743883057759
81.22805786132812,3.4457943439483643,101.15762329101562,1.525827407836914,0.4,0,47.40672163395382,-122.64955321978249
2872.634033203125,10.915700912475586,59.251461029052734,4.86871337890625,0.4,0,39.011354829102885,-114.34022563795287
503.0293884277344,5.849081516265869,115.47882843017578,2.4135093688964844,0.4,0,46.86475855475235,-117.80372181825358
1581.443603515625,9.215149879455566,65.75341033935547,3.930267333984375,0.4,0,46.17732318753473,-117.76062864466448
1544.9097900390625,0.2656417489051819,267.1448974609375,0.1105499267578125,0.4,0,38.59049720570978,-119.50232089186622
79.93225860595703,0.2763598561286926,236.72328186035156,0.12434864044189453,0.4,0,35.87549125469598,-119.85898870482818
316.6277770996094,0.5614851713180542,297.2746887207031,0.303955078125,0.4,0,46.25449914166507,-118.64678097969104
1768.6585693359375,0.5171844959259033,22.241117477416992,0.2340240478515625,0.4,0,38.83101837368871,-114.40270162473138
590.4823608398438,1.1474190950393677,280.2119140625,0.48065948486328125,0.4,0,47.0384805448458,-117.62752788721981
0.0,0.0,0.0,0.0,0.4,0,48.321786325148494,-122.49947609395998
1431.45166015625,12.954035758972168,276.19561767578125,5.2633209228515625,0.4,0,43.111134337173496,-117.19712144174807
884.5257568359375,26.561670303344727,250.97705078125,12.311424255371094,0.4,0,42.73794432527073,-123.28058302520002
